size,time
100,0.0624842643737793
1100,0.11227645874023437
2100,0.1298964023590088
3100,0.1236382007598877
4100,0.1782930850982666
5100,0.17881240844726562
6100,0.22014312744140624
