,component 0,component 1,component 2,component 3,component 4
MCA,0.2589714909725996,0.1251132277764983,0.0870033493710546,0.051638706666662,0.0459346329497943
PCA,0.2107020721195329,0.1224825924526779,0.0788914796561061,0.0641103916531222,0.0565209157896493
FAMD,0.3228440132891981,0.1942460957408367,0.079086466062312,0.0396903435976004,0.0348133497430018
PCAohe,0.23236685502287538,0.13085593862791023,0.08929705003374602,0.05378570216249791,0.04502203428767762
