,component 0,component 1,component 2,component 3,component 4
MCA,0.2589714909725988,0.1251132277764981,0.0870033493710355,0.051638705062887,0.0459346325582355
PCA,0.2107018171654489,0.1224832653742204,0.078905327214992,0.0640914483771027,0.0555920003349534
FAMD,0.3228440158246624,0.1942461049560977,0.07908793408000026,0.03966729355372836,0.03492579460802529
PCAohe,0.2323668561589799,0.1308550366187172,0.089300640158685,0.0538509403739903,0.0449704258767568
